{
  "allFiles": [
    {
      "file": "/storage/emulated/0/AndroidIDEProjects/Coolpay/app/src/main/AndroidManifest.xml",
      "selection": {
        "end": {
          "column": 18,
          "index": 2418,
          "line": 58
        },
        "start": {
          "column": 18,
          "index": 2418,
          "line": 58
        }
      }
    },
    {
      "file": "/storage/emulated/0/AndroidIDEProjects/Coolpay/app/build.gradle",
      "selection": {
        "end": {
          "column": 20,
          "index": 269,
          "line": 14
        },
        "start": {
          "column": 20,
          "index": 269,
          "line": 14
        }
      }
    },
    {
      "file": "/storage/emulated/0/AndroidIDEProjects/Coolpay/build.gradle",
      "selection": {
        "end": {
          "column": 67,
          "index": 295,
          "line": 4
        },
        "start": {
          "column": 67,
          "index": 295,
          "line": 4
        }
      }
    }
  ],
  "selectedFile": "/storage/emulated/0/AndroidIDEProjects/Coolpay/app/build.gradle"
}